<?xml version="1.0" encoding="UTF-8"?>
<beans xmlns="http://www.springframework.org/schema/beans"
       xmlns:xsi="http://www.w3.org/2001/XMLSchema-instance"
       xmlns:context="http://www.springframework.org/schema/context"
       xmlns:tx="http://www.springframework.org/schema/tx"
       xsi:schemaLocation="http://www.springframework.org/schema/beans http://www.springframework.org/schema/beans/spring-beans-4.0.xsd
		http://www.springframework.org/schema/tx http://www.springframework.org/schema/tx/spring-tx-4.0.xsd
		http://www.springframework.org/schema/context http://www.springframework.org/schema/context/spring-context-4.0.xsd">
	<context:property-placeholder location="classpath:/config.properties" />
	<bean id="dataSource" class="org.apache.tomcat.jdbc.pool.DataSource"
		destroy-method="close">
		<property name="driverClassName" value="${db1.driverClass}" />
		<property name="url" value="jdbc:mysql://${db1.jdbcHost}:${db1.jdbcPort}/${db1.jdbcName}" />
		<property name="username" value="${db1.user}" />
		<property name="password" value="${db1.password}" />
        <property name="validationQuery" value="select 1" />
		<property name="maxActive" value="100" />
		<property name="initialSize" value="50" />
        <property name="minIdle" value="0" />
	</bean>

    <bean id="sqlSessionFactory" class="org.mybatis.spring.SqlSessionFactoryBean">
        <property name="dataSource" ref="dataSource" />
        <property name="typeAliasesPackage" value="com.edgar.domain" />
        <property name="mapperLocations" value="classpath*:com/edgar/repository/db/**/*.xml" />
    </bean>

    <bean class="org.mybatis.spring.mapper.MapperScannerConfigurer">
        <property name="basePackage" value="com.edgar.repository" />
        <property name="sqlSessionFactoryBeanName" value="sqlSessionFactory" />
    </bean>

    <bean id="sqlSession" class="org.mybatis.spring.SqlSessionTemplate" scope="prototype">
        <constructor-arg index="0" ref="sqlSessionFactory" />
    </bean>

	<tx:annotation-driven transaction-manager="transactionManager" />

	<bean id="transactionManager"
		class="org.springframework.jdbc.datasource.DataSourceTransactionManager">
		<property name="dataSource" ref="dataSource" />
	</bean>
</beans>
