<?xml version="1.0" encoding="UTF-8"?>
<beans xmlns="http://www.springframework.org/schema/beans"
       xmlns:xsi="http://www.w3.org/2001/XMLSchema-instance"
       xmlns:context="http://www.springframework.org/schema/context"
       xmlns:mvc="http://www.springframework.org/schema/mvc" xmlns:aop="http://www.springframework.org/schema/aop"
       xsi:schemaLocation="http://www.springframework.org/schema/aop http://www.springframework.org/schema/aop/spring-aop-4.0.xsd
		http://www.springframework.org/schema/mvc http://www.springframework.org/schema/mvc/spring-mvc-4.0.xsd
		http://www.springframework.org/schema/beans http://www.springframework.org/schema/beans/spring-beans-4.0.xsd
		http://www.springframework.org/schema/context http://www.springframework.org/schema/context/spring-context-4.0.xsd">

    <aop:aspectj-autoproxy/>
    <mvc:annotation-driven validator="validator">
        <mvc:message-converters register-defaults="true">
            <bean
                    class="org.springframework.http.converter.json.MappingJackson2HttpMessageConverter">
                <property name="prefixJson" value="false"/>
                <property name="supportedMediaTypes" value="application/json"/>
                <property name="objectMapper">
                    <bean class="com.fasterxml.jackson.databind.ObjectMapper">
                        <property name="serializationInclusion">
                            <value type="com.fasterxml.jackson.annotation.JsonInclude.Include">NON_NULL</value>
                        </property>
                    </bean>
                </property>
            </bean>
            <bean class="org.springframework.http.converter.StringHttpMessageConverter"/>
            <bean class="org.springframework.http.converter.FormHttpMessageConverter"/>
        </mvc:message-converters>
        <mvc:argument-resolvers>
            <bean class="com.edgar.core.mvc.QueryParamsResolver">
                <property name="prefix" value="_q_"/>
            </bean>
        </mvc:argument-resolvers>
    </mvc:annotation-driven>

    <bean id="multipartResolver"
          class="org.springframework.web.multipart.commons.CommonsMultipartResolver">
        <property name="defaultEncoding" value="utf-8" />
        <property name="maxUploadSize" value="10485760000" />
        <property name="maxInMemorySize" value="40960" />
    </bean>

    <mvc:interceptors>
        <bean class="com.edgar.core.mvc.LayoutInterceptor">
            <property name="prefix" value="_q_"/>
        </bean>
    </mvc:interceptors>

    <mvc:annotation-driven validator="validator"/>

    <!-- 以下 validator  ConversionService 在使用 mvc:annotation-driven 会 自动注册-->
    <bean id="validator" class="org.springframework.validation.beanvalidation.LocalValidatorFactoryBean">
        <property name="providerClass" value="org.hibernate.validator.HibernateValidator"/>
        <!-- 如果不加默认到 使用classpath下的 ValidationMessages.properties -->
        <property name="validationMessageSource" ref="messageSource"/>
    </bean>

    <bean id="messageSource" class="org.springframework.context.support.ReloadableResourceBundleMessageSource">
        <property name="basenames">
            <list>
                <!-- 在web环境中一定要定位到classpath 否则默认到当前web应用下找  -->
                <!--<value>classpath:messages</value>-->
                <value>classpath:org/hibernate/validator/ValidationMessages</value>
            </list>
        </property>
        <property name="useCodeAsDefaultMessage" value="false"/>
        <property name="defaultEncoding" value="UTF-8"/>
        <property name="cacheSeconds" value="60"/>
    </bean>

    <context:component-scan base-package="*"
                            use-default-filters="false">
        <context:include-filter type="annotation"
                                expression="org.springframework.stereotype.Controller"/>
    </context:component-scan>
    <!-- <context:component-scan base-package="*" /> -->
    <import resource="views.xml"/>

    <!--<mvc:resources mapping="/css/**" location="/css/" />-->
    <!--<mvc:resources mapping="/lib/**" location="/lib/" />-->
    <!--<mvc:resources mapping="/js/**" location="/js/" />-->
    <!--<mvc:resources mapping="/img/**" location="/img/" />-->
    <!--<mvc:resources mapping="/app/**" location="/app/" />-->
    <mvc:resources mapping="/assets/**" location="/assets/"/>
    <!--<mvc:resources mapping="/index.html" location="/app/index.html" />-->

</beans>
