<?xml version="1.0" encoding="UTF-8"?>
<beans xmlns="http://www.springframework.org/schema/beans"
	xmlns:xsi="http://www.w3.org/2001/XMLSchema-instance" xmlns:aop="http://www.springframework.org/schema/aop"
	xmlns:context="http://www.springframework.org/schema/context" xmlns:p="http://www.springframework.org/schema/p"
	xmlns:tx="http://www.springframework.org/schema/tx"
	xsi:schemaLocation="http://www.springframework.org/schema/beans http://www.springframework.org/schema/beans/spring-beans-3.1.xsd
		http://www.springframework.org/schema/aop http://www.springframework.org/schema/aop/spring-aop-3.1.xsd
		http://www.springframework.org/schema/context http://www.springframework.org/schema/context/spring-context-3.1.xsd
		http://www.springframework.org/schema/tx http://www.springframework.org/schema/tx/spring-tx-3.1.xsd">

	<bean
		class="org.springframework.web.servlet.view.velocity.VelocityLayoutViewResolver">
		<property name="prefix" value="" />
		<property name="suffix" value=".vm" />
		<property name="contentType">
			<value>text/html; charset=UTF-8</value>
		</property>
		<property name="requestContextAttribute" value="rc" />
		<property name="exposeSpringMacroHelpers" value="true" />
		<property name="toolboxConfigLocation" value="/WEB-INF/velocity/toolbox.xml" />

        <property name="layoutUrl" value="layout/layout.vm" />

        <property name="allowSessionOverride" value="true"/>
        <property name="allowRequestOverride" value="true"/>
        <property name="exposeSessionAttributes" value="true"/>
        <property name="exposeRequestAttributes" value="true"/>
    </bean>
	<bean
		class="org.springframework.web.servlet.view.velocity.VelocityConfigurer">
		<property name="resourceLoaderPath" value="/app" />
		<!--<property name="configLocation" value="/WEB-INF/velocity/velocity.properties" />-->
		<property name="velocityProperties">
			<props>
				<prop key="input.encoding">utf-8</prop>
				<prop key="output.encoding">utf-8</prop>
				<prop key="directive.foreach.counter.name">velocityCount</prop>
				<prop key="directive.foreach.counter.initial.value">0</prop>
				<prop key="velocimacro.library">velocity/velocity.vm</prop>
			</props>
		</property>
	</bean>
</beans>
