<?xml version="1.0" encoding="UTF-8" ?>
<!DOCTYPE mapper
        PUBLIC "-//mybatis.org//DTD Mapper 3.0//EN"
        "http://mybatis.org/dtd/mybatis-3-mapper.dtd">
<mapper namespace="com.edgar.repository.ApplicantMapper">
	<resultMap id="ApplicantResultMap" type="Applicant">
		<result column="applicant_id" property="applicantId" />
		<result column="user_id" property="userId" />
		<result column="fullname" property="fullname" />
		<result column="gender" property="gender" />
		<result column="phone" property="phone" />
		<result column="identity_type" property="identityType" />
		<result column="identity_no" property="identityNo" />
		<result column="nation" property="nation" />
		<result column="native_place" property="nativePlace" />
		<result column="degree" property="degree" />
		<result column="politics" property="politics" />
		<result column="company" property="company" />
		<result column="seniority" property="seniority" />
		<result column="photo_path" property="photoPath" />
		<result column="study_addr" property="studyAddr" />
		<result column="occupation" property="occupation" />
		<result column="application_level" property="applicationLevel" />
	</resultMap>

	<sql id="all_column">
		applicant_id, user_id, fullname, gender, phone, identity_type, identity_no, nation, native_place, degree, politics, company, seniority, photo_path, study_addr, occupation, application_level
	</sql>

	<sql id="limit">
		<if test="limit != null">
			limit
			<if test="offset != null">
			#{offset},
			</if>
			#{limit}
		</if>
	</sql>

	<insert id="insert" parameterType="Applicant">
		insert into 
		applicant(applicant_id, user_id, fullname, gender, phone, identity_type, identity_no, nation, native_place, degree, politics, company, seniority, photo_path, study_addr, occupation, application_level) 
		values(#{applicantId}, #{userId}, #{fullname}, #{gender}, #{phone}, #{identityType}, #{identityNo}, #{nation}, #{nativePlace}, #{degree}, #{politics}, #{company}, #{seniority}, #{photoPath}, #{studyAddr}, #{occupation}, #{applicationLevel})
	</insert>

	<delete id="deleteByPrimaryKey" parameterType="int">
		delete from applicant 
		where applicant_id = #{id}
	</delete>

	<update id="updateByPrimaryKey" parameterType="Applicant">
		update applicant
		<set>
 			<if test="applicantId != null"> 
				applicant_id = #{applicantId},
			</if>
			<if test="userId != null"> 
				user_id = #{userId},
			</if>
			<if test="fullname != null"> 
				fullname = #{fullname},
			</if>
			<if test="gender != null"> 
				gender = #{gender},
			</if>
			<if test="phone != null"> 
				phone = #{phone},
			</if>
			<if test="identityType != null"> 
				identity_type = #{identityType},
			</if>
			<if test="identityNo != null"> 
				identity_no = #{identityNo},
			</if>
			<if test="nation != null"> 
				nation = #{nation},
			</if>
			<if test="nativePlace != null"> 
				native_place = #{nativePlace},
			</if>
			<if test="degree != null"> 
				degree = #{degree},
			</if>
			<if test="politics != null"> 
				politics = #{politics},
			</if>
			<if test="company != null"> 
				company = #{company},
			</if>
			<if test="seniority != null"> 
				seniority = #{seniority},
			</if>
			<if test="photoPath != null"> 
				photo_path = #{photoPath},
			</if>
			<if test="studyAddr != null"> 
				study_addr = #{studyAddr},
			</if>
			<if test="occupation != null"> 
				occupation = #{occupation},
			</if>
			<if test="applicationLevel != null"> 
				application_level = #{applicationLevel},
			</if>
		</set> 
		where applicant_id = #{applicantId}
	</update>

	<select id="selectByPrimaryKey" resultMap="ApplicantResultMap" parameterType="int">
		select applicant_id, user_id, fullname, gender, phone, identity_type, identity_no, nation, native_place, degree, politics, company, seniority, photo_path, study_addr, occupation, application_level 
		from applicant 
		where applicant_id = #{id}
	</select>

	<!-- START 写在START和END中间的代码不会被替换 -->
    <select id="selectByUserId" resultMap="ApplicantResultMap" parameterType="int">
        select applicant_id, user_id, fullname, gender, phone, identity_type, identity_no, nation, native_place, degree, politics, company, seniority, photo_path, study_addr, occupation, application_level
		from applicant
		where user_id = #{id}
    </select>

    <select id="count" resultType="int" parameterType="map">
        select count(*) from applicant
        <where>
            <if test="gender != null">
                AND gender = #{gender}
            </if>
            <if test="occupation != null">
                AND occupation = #{occupation}
            </if>
            <if test="applicationLevel != null">
                AND application_level = #{applicationLevel}
            </if>
            <if test="degree != null">
                AND degree = #{degree}
            </if>
            <if test="fullname != null">
                fullname like concat('%', #{fullname} '%')
            </if>

        </where>
        <include refid="limit" />
    </select>
    <select id="query" resultMap="ApplicantResultMap" parameterType="map">
        select applicant_id, user_id, fullname, gender, phone, identity_type, identity_no, nation, native_place, degree, politics, company, seniority, photo_path, study_addr, occupation, application_level
        from applicant
        <where>
            <if test="gender != null">
                AND gender = #{gender}
            </if>
            <if test="occupation != null">
                AND occupation = #{occupation}
            </if>
            <if test="applicationLevel != null">
                AND application_level = #{applicationLevel}
            </if>
            <if test="degree != null">
                AND degree = #{degree}
            </if>
            <if test="fullname != null">
                fullname like concat('%', #{fullname} '%')
            </if>

        </where>
        <include refid="limit" />
    </select>
	<!-- END 写在START和END中间的代码不会被替换-->

</mapper>