<?xml version="1.0" encoding="UTF-8" ?>
<!DOCTYPE mapper
        PUBLIC "-//mybatis.org//DTD Mapper 3.0//EN"
        "http://mybatis.org/dtd/mybatis-3-mapper.dtd">
<mapper namespace="com.edgar.repository.UserMapper">
	<resultMap id="UserResultMap" type="User">
		<result column="user_id" property="userId" />
		<result column="role_id" property="roleId" />
		<result column="username" property="username" />
		<result column="password" property="password" />
		<result column="salt" property="salt" />
		<result column="organization" property="organization" />
		<result column="is_admin" property="isAdmin" />
	</resultMap>

	<sql id="all_column">
		user_id, role_id, username, password, salt, organization, is_admin
	</sql>

	<sql id="limit">
		<if test="limit != null">
			limit
			<if test="offset != null">
			#{offset},
			</if>
			#{limit}
		</if>
	</sql>

	<insert id="insert" parameterType="User">
		insert into 
		user(user_id, role_id, username, password, salt, organization, is_admin) 
		values(#{userId}, #{roleId}, #{username}, #{password}, #{salt}, #{organization}, #{isAdmin})
	</insert>

	<delete id="deleteByPrimaryKey" parameterType="int">
		delete from user 
		where user_id = #{id}
	</delete>

	<update id="updateByPrimaryKey" parameterType="User">
		update user
		<set>
 			<if test="userId != null"> 
				user_id = #{userId},
			</if>
			<if test="roleId != null"> 
				role_id = #{roleId},
			</if>
			<if test="username != null"> 
				username = #{username},
			</if>
			<if test="password != null"> 
				password = #{password},
			</if>
			<if test="salt != null"> 
				salt = #{salt},
			</if>
			<if test="organization != null"> 
				organization = #{organization},
			</if>
			<if test="isAdmin != null"> 
				is_admin = #{isAdmin},
			</if>
		</set> 
		where user_id = #{userId}
	</update>

	<select id="selectByPrimaryKey" resultMap="UserResultMap" parameterType="int">
		select user_id, role_id, username, password, salt, organization, is_admin 
		from user 
		where user_id = #{id}
	</select>

	<!-- START 写在START和END中间的代码不会被替换 -->
    <select id="fetchByUsername" resultMap="UserResultMap" parameterType="string">
        select user_id, role_id, username, password, salt, organization, is_admin
		from user
		where username = #{username}
    </select>
	<!-- END 写在START和END中间的代码不会被替换-->

</mapper>