<?xml version="1.0" encoding="UTF-8"?>
<beans xmlns="http://www.springframework.org/schema/beans"
	xmlns:xsi="http://www.w3.org/2001/XMLSchema-instance"
	xmlns:context="http://www.springframework.org/schema/context"
	xmlns:aop="http://www.springframework.org/schema/aop"
	xsi:schemaLocation="http://www.springframework.org/schema/aop http://www.springframework.org/schema/aop/spring-aop-4.0.xsd
		http://www.springframework.org/schema/beans http://www.springframework.org/schema/beans/spring-beans-4.0.xsd
		http://www.springframework.org/schema/context http://www.springframework.org/schema/context/spring-context-4.0.xsd">

	<aop:aspectj-autoproxy />
	<!-- <aop:config proxy-target-class="true"/> -->
    <bean id="facadeMonitoringAdvisor" class="net.bull.javamelody.MonitoringSpringAdvisor">
        <property name="pointcut">
            <bean class="org.springframework.aop.support.JdkRegexpMethodPointcut" >
                <property name="patterns">
                    <list>
                        <value>com.edgar..*Service.*</value>
                        <value>.*CrudRepository.*</value>
                        <value>.*CommandHandler.*</value>
                        <value>com.edgar..*Facde.*</value>
                    </list>
                </property>
            </bean>
        </property>
    </bean>
	<bean id="validator"
		class="org.springframework.validation.beanvalidation.LocalValidatorFactoryBean">
			<!--<property name="validationMessageSource" ref="messageSource" />-->
		</bean>
	<bean
		class="org.springframework.validation.beanvalidation.MethodValidationPostProcessor" />

	<context:component-scan base-package="*"
		use-default-filters="false">
		<context:include-filter type="annotation"
			expression="org.springframework.stereotype.Service" />
		<context:include-filter type="annotation"
			expression="org.springframework.stereotype.Repository" />
	</context:component-scan>
	<import resource="dao.xml" />

</beans>
