<?xml version="1.0" encoding="UTF-8" ?>
<!DOCTYPE mapper
        PUBLIC "-//mybatis.org//DTD Mapper 3.0//EN"
        "http://mybatis.org/dtd/mybatis-3-mapper.dtd">
<mapper namespace="com.edgar.repository.CertificateMapper">
	<resultMap id="CertificateResultMap" type="Certificate">
		<result column="certificate_id" property="certificateId" />
		<result column="applicant_id" property="applicantId" />
		<result column="certificate_no" property="certificateNo" />
		<result column="certificate_time" property="certificateTime" />
		<result column="certificate_dept" property="certificateDept" />
		<result column="fullname" property="fullname" />
		<result column="gender" property="gender" />
		<result column="identity_type" property="identityType" />
		<result column="identity_no" property="identityNo" />
	</resultMap>

	<sql id="all_column">
		certificate_id, applicant_id, certificate_no, certificate_time, certificate_dept, fullname, gender, identity_type, identity_no
	</sql>

	<sql id="limit">
		<if test="limit != null">
			limit
			<if test="offset != null">
			#{offset},
			</if>
			#{limit}
		</if>
	</sql>

	<insert id="insert" parameterType="Certificate">
		insert into 
		certificate(certificate_id, applicant_id, certificate_no, certificate_time, certificate_dept, fullname, gender, identity_type, identity_no) 
		values(#{certificateId}, #{applicantId}, #{certificateNo}, #{certificateTime}, #{certificateDept}, #{fullname}, #{gender}, #{identityType}, #{identityNo})
	</insert>

	<delete id="deleteByPrimaryKey" parameterType="int">
		delete from certificate 
		where certificate_id = #{id}
	</delete>

	<update id="updateByPrimaryKey" parameterType="Certificate">
		update certificate
		<set>
 			<if test="certificateId != null"> 
				certificate_id = #{certificateId},
			</if>
			<if test="applicantId != null"> 
				applicant_id = #{applicantId},
			</if>
			<if test="certificateNo != null"> 
				certificate_no = #{certificateNo},
			</if>
			<if test="certificateTime != null"> 
				certificate_time = #{certificateTime},
			</if>
			<if test="certificateDept != null"> 
				certificate_dept = #{certificateDept},
			</if>
			<if test="fullname != null"> 
				fullname = #{fullname},
			</if>
			<if test="gender != null"> 
				gender = #{gender},
			</if>
			<if test="identityType != null"> 
				identity_type = #{identityType},
			</if>
			<if test="identityNo != null"> 
				identity_no = #{identityNo},
			</if>
		</set> 
		where certificate_id = #{certificateId}
	</update>

	<select id="selectByPrimaryKey" resultMap="CertificateResultMap" parameterType="int">
		select certificate_id, applicant_id, certificate_no, certificate_time, certificate_dept, fullname, gender, identity_type, identity_no 
		from certificate 
		where certificate_id = #{id}
	</select>

	<!-- START 写在START和END中间的代码不会被替换 -->

	<!-- END 写在START和END中间的代码不会被替换-->

</mapper>