<?xml version="1.0" encoding="UTF-8" ?>
<!DOCTYPE mapper
        PUBLIC "-//mybatis.org//DTD Mapper 3.0//EN"
        "http://mybatis.org/dtd/mybatis-3-mapper.dtd">
<mapper namespace="com.edgar.repository.ExaminationApplicationMapper">
	<resultMap id="ExaminationApplicationResultMap" type="ExaminationApplication">
		<result column="examination_application_id" property="examinationApplicationId" />
		<result column="applicant_id" property="applicantId" />
		<result column="apply_time" property="applyTime" />
		<result column="status" property="status" />
		<result column="occupation" property="occupation" />
		<result column="application_level" property="applicationLevel" />
		<result column="fullname" property="fullname" />
		<result column="gender" property="gender" />
		<result column="identity_type" property="identityType" />
		<result column="identity_no" property="identityNo" />
		<result column="approval_opinion" property="approvalOpinion" />
		<result column="approval_time" property="approvalTime" />
	</resultMap>

	<sql id="all_column">
		examination_application_id, applicant_id, apply_time, status, occupation, application_level, fullname, gender, identity_type, identity_no, approval_opinion, approval_time
	</sql>

	<sql id="limit">
		<if test="limit != null">
			limit
			<if test="offset != null">
			#{offset},
			</if>
			#{limit}
		</if>
	</sql>

	<insert id="insert" parameterType="ExaminationApplication">
		insert into 
		examination_application(examination_application_id, applicant_id, apply_time, status, occupation, application_level, fullname, gender, identity_type, identity_no, approval_opinion, approval_time) 
		values(#{examinationApplicationId}, #{applicantId}, #{applyTime}, #{status}, #{occupation}, #{applicationLevel}, #{fullname}, #{gender}, #{identityType}, #{identityNo}, #{approvalOpinion}, #{approvalTime})
	</insert>

	<delete id="deleteByPrimaryKey" parameterType="int">
		delete from examination_application 
		where examination_application_id = #{id}
	</delete>

	<update id="updateByPrimaryKey" parameterType="ExaminationApplication">
		update examination_application
		<set>
 			<if test="examinationApplicationId != null"> 
				examination_application_id = #{examinationApplicationId},
			</if>
			<if test="applicantId != null"> 
				applicant_id = #{applicantId},
			</if>
			<if test="applyTime != null"> 
				apply_time = #{applyTime},
			</if>
			<if test="status != null"> 
				status = #{status},
			</if>
			<if test="occupation != null"> 
				occupation = #{occupation},
			</if>
			<if test="applicationLevel != null"> 
				application_level = #{applicationLevel},
			</if>
			<if test="fullname != null"> 
				fullname = #{fullname},
			</if>
			<if test="gender != null"> 
				gender = #{gender},
			</if>
			<if test="identityType != null"> 
				identity_type = #{identityType},
			</if>
			<if test="identityNo != null"> 
				identity_no = #{identityNo},
			</if>
			<if test="approvalOpinion != null"> 
				approval_opinion = #{approvalOpinion},
			</if>
			<if test="approvalTime != null"> 
				approval_time = #{approvalTime},
			</if>
		</set> 
		where examination_application_id = #{examinationApplicationId}
	</update>

	<select id="selectByPrimaryKey" resultMap="ExaminationApplicationResultMap" parameterType="int">
		select examination_application_id, applicant_id, apply_time, status, occupation, application_level, fullname, gender, identity_type, identity_no, approval_opinion, approval_time 
		from examination_application 
		where examination_application_id = #{id}
	</select>

	<!-- START 写在START和END中间的代码不会被替换 -->

	<!-- END 写在START和END中间的代码不会被替换-->

</mapper>